{"precision_catboost": 0.6857142857142857, "recall_catboost": 0.49445324881141045, "f1_catboost": 0.574585635359116, "roc_auc_catboost": 0.724805802831544, "precision_sklearn": 0.6813953488372093, "recall_sklearn": 0.4643423137876387, "f1_sklearn": 0.5523091423185675, "roc_auc_sklearn": 0.7106910690920006}