{"precision_catboost": 0.6542056074766355, "recall_catboost": 0.45161290322580644, "f1_catboost": 0.5343511450381679, "roc_auc_catboost": 0.7026814516129033, "precision_sklearn": 0.6545454545454545, "recall_sklearn": 0.4645161290322581, "f1_sklearn": 0.5433962264150943, "roc_auc_sklearn": 0.7085080645161291}